,Year,Team,TotalGames,TotalWins,Win%
0,2019,Australia,10,10,1.0
0,2019,New Zealand,6,1,0.16666666666666666
0,2019,India,11,9,0.8181818181818182
0,2019,England,11,6,0.5454545454545454
0,2019,West Indies,6,1,0.16666666666666666
0,2019,South Africa,7,3,0.42857142857142855
0,2019,Sri Lanka,7,0,0.0
0,2019,Pakistan,6,2,0.3333333333333333
